<?xml version="1.0" encoding="UTF-8" standalone="yes"?>
<addon id="plugin.video.filmixme"
       name="Filmix Me"
       version="1.0.1"
       provider-name="Andrey Bruslik (aka abruslik)">
  <requires>
    <import addon="xbmc.python" version="2.1.0"/>
    <import addon="script.module.xbmcswift2" version="2.4.0"/>
  </requires>
  <extension point="xbmc.python.pluginsource" library="addon.py">
    <provides>video</provides>
  </extension>
  <extension point="xbmc.addon.metadata">
    <platform>all</platform>
    <summary>Filmix Me</summary>
    <description>Filmix Me - enjoy the best online collection of movies, cartoons and series.</description>
  </extension>
</addon>
