<?xml version="1.0" encoding="UTF-8" standalone="yes"?>
<addon id="repository.abruslik"
       name="Abruslik's kodi add-ons"
       version="0.0.2"
       provider-name="Andrey Bruslik (aka abruslik)">
	<extension point="xbmc.addon.repository" name="Abruslik's kodi add-ons">
		<info>https://raw.githubusercontent.com/abruslik/KodiAddons/master/repository/addons.xml</info>
		<checksum>https://raw.githubusercontent.com/abruslik/KodiAddons/master/repository/addons.xml.md5</checksum>
		<datadir zip="true">https://raw.githubusercontent.com/abruslik/KodiAddons/master/repository</datadir>
	</extension>
	<extension point="xbmc.addon.metadata">
		<summary>Abruslik's kodi add-ons</summary>
		<description>Add-ons for kodi media player</description>
		<disclaimer>Kodi add-ons allow enjoy popular media resources</disclaimer>
		<platform>all</platform>
	</extension>
</addon>
